[u'f7290be7', u'Docencia Virtual', [u'C\xf3digo CRUE', u'Descripci\xf3n'], [u'CRUE_01_01', u'Aplicaciones para la docencia virtual (LMS)'], u'Alta', None]
[u'5c4964c6', u'Soporte a aulas de inform\xe1tica de libre acceso', [u'C\xf3digo CRUE', u'Descripci\xf3n'], [u'CRUE_01_02', u'Instalaci\xf3n y configuraci\xf3n de equipos y software en aulas y ubicaciones de acceso libre'], u'Baja', None]
[u'84e0fc84', u'Soporte a aulas de Inform\xe1tica de uso docente', [u'C\xf3digo CRUE', u'Descripci\xf3n'], [u'CRUE_01_03', u'Instalaci\xf3n y configuraci\xf3n de equipos y software, en aulas de uso docente. Incluye laboratorios y aulas virtualizadas.'], u'Baja', None]
[u'eb94a3ee', u'Soporte a Aulas multimedia', [u'C\xf3digo CRUE', u'Descripci\xf3n'], [u'CRUE_01_04', u'Instalaci\xf3n y configuraci\xf3n de equipos y software, en aulas con equipamiento audiovisual y no solo ordenadores.'], u'Baja', None]
[u'cf28c11e', u'Soporte a la elaboraci\xf3n de contenidos docentes', [u'C\xf3digo CRUE', u'Descripci\xf3n'], [u'CRUE_01_05', u'Asesoramiento en el uso de herramientas para la generaci\xf3nd econtenidos docentes.'], u'Baja', None]
[u'b817c7d3', u'Soporte a realizaci\xf3n y correcci\xf3n de ex\xe1menes', [u'C\xf3digo CRUE', u'Descripci\xf3n'], [u'CRUE_01_06', u'Soporte a la automatizaci\xf3n de la generaci\xf3n y/o correcci\xf3n de examenes.'], u'Baja', None]
[u'750b5b93', u'Gesti\xf3n de licencias software para docencia', [u'C\xf3digo CRUE', u'Descripci\xf3n'], [u'CRUE_01_07', u'Adquisici\xf3n, gesti\xf3n y validaci\xf3n centralizada de licencias de software de uso docente'], u'Baja', None]
[u'1aab7824', u'Supercomputaci\xf3n', [u'C\xf3digo CRUE', u'Descripci\xf3n'], [u'CRUE_02_01', u'Gesti\xf3n de los recursos TIC  de computaci\xf3n de altas prestaciones orientados al c\xe1lculo o al procesamiento de datos cient\xedficos.'], u'Baja', None]
[u'398e34bd', u'Alojamiento de Infraestructuras', [u'C\xf3digo CRUE', u'Descripci\xf3n'], [u'CRUE_02_02', u'Alojamiento y conectividad en el CPD para el despliegue de aplicaciones y servicios de investigaci\xf3n.'], u'Baja', None]
[u'914b3643', u'Gesti\xf3n de Licencias software para investigaci\xf3n', [u'C\xf3digo CRUE', u'Descripci\xf3n'], [u'CRUE_02_03', u'Adquisici\xf3n, gesti\xf3n y validaci\xf3n centralizada de licencias de aplicaciones orientadas hacia la investigaci\xf3n.'], u'Baja', None]
[u'a4aebd27', u'Asesoramiento adquisici\xf3n infraestructuras y servicios TIC para investigaci\xf3n', [u'C\xf3digo CRUE', u'Descripci\xf3n'], [u'CRUE_02_04', u'Consultor\xeda t\xe9cnica para la implantaci\xf3n de servicios TIC orientados a la investigaci\xf3n.'], u'Baja', None]
[u'f498b51f', u'Gesti\xf3n Acad\xe9mica', [u'C\xf3digo CRUE', u'Descripci\xf3n'], [u'CRUE_03_01', u'Aplicaciones para la gesti\xf3n de la actividad acad\xe9mica de los estudiantes universitarios'], u'Baja', None]
[u'b0ec009c', u'Gesti\xf3n Acad\xe9mica. Acceso a Grado', [u'C\xf3digo CRUE', u'Descripci\xf3n'], [u'CRUE_03_02', u'Aplicaciones para la gesti\xf3n del acceso a los grados universitarios.'], u'Baja', None]
[u'8ad6800e', u'Gesti\xf3n Acad\xe9mica. Acceso a Postgrado', [u'C\xf3digo CRUE', u'Descripci\xf3n'], [u'CRUE_03_03', u'Aplicaciones para la gesti\xf3n del acceso a los cursos de postgrado y m\xe1ster universitarios.'], u'Baja', None]
[u'b8f351c1', u'Gesti\xf3n Acad\xe9mica. Actas', [u'C\xf3digo CRUE', u'Descripci\xf3n'], [u'CRUE_03_04', u'Aplicaciones para la gesti\xf3n de los procedimientos necesarios para la elaboraci\xf3n de las actas de calificaci\xf3n'], u'Baja', None]
[u'c5a78aa6', u'Gesti\xf3n Acad\xe9mica. Automatr\xedcula', [u'C\xf3digo CRUE', u'Descripci\xf3n'], [u'CRUE_03_05', u'Aplicaciones para la realizaci\xf3n la matr\xedcula universitaria v\xeda telem\xe1tica.'], u'Baja', None]
[u'e04538d8', u'Gesti\xf3n Acad\xe9mica. Becas', [u'C\xf3digo CRUE', u'Descripci\xf3n'], [u'CRUE_03_06', u'Aplicaciones para la gesti\xf3n de las solicitudes de becas de los alumnos.'], u'Baja', None]
[u'eacdde9b', u'Gesti\xf3n Acad\xe9mica. Dep\xf3sito de T\xedtulos', [u'C\xf3digo CRUE', u'Descripci\xf3n'], [u'CRUE_03_07', u'Aplicaciones para la gesti\xf3n de los procedimientos asociados a la consecuci\xf3n de un t\xedtulo universitario.'], u'Baja', None]
[u'3e259ca0', u'Gesti\xf3n Acad\xe9mica. Ense\xf1anzas propias', [u'C\xf3digo CRUE', u'Descripci\xf3n'], [u'CRUE_03_08', u'Aplicaciones para la gesti\xf3n de los procedimientos acad\xe9micos de las ense\xf1anzas propias universitarias.'], u'Baja', None]
[u'8a08322b', u'Gesti\xf3n Acad\xe9mica. Gesti\xf3n de Horarios', [u'C\xf3digo CRUE', u'Descripci\xf3n'], [u'CRUE_03_09', u'Aplicaciones para la gesti\xf3n de los cuadros horarios de docencia.'], u'Baja', None]
[u'1c753b76', u'Gesti\xf3n Acad\xe9mica. Gesti\xf3n de Postgrado', [u'C\xf3digo CRUE', u'Descripci\xf3n'], [u'CRUE_03_10', u'Aplicaciones para la gesti\xf3n de los procedimientos acad\xe9micos de las ense\xf1anzas de postgrado universitario.'], u'Baja', None]
[u'69b92aef', u'Gesti\xf3n Acad\xe9mica. Gu\xedas Docentes', [u'C\xf3digo CRUE', u'Descripci\xf3n'], [u'CRUE_03_11', u'Aplicaciones para la gesti\xf3n de de los contenidos de las asignaturas impartidas en las diferntes titulaciones acad\xe9micas.'], u'Baja', None]
[u'8f7c028c', u'Gesti\xf3n Acad\xe9mica. Movilidad internacional', [u'C\xf3digo CRUE', u'Descripci\xf3n'], [u'CRUE_03_12', u'Aplicaciones para la gesti\xf3n de los programas de movilidad de los estudiantes.'], u'Baja', None]
[u'e1dfe964', u'Gesti\xf3n Acad\xe9mica. Necesidades educativas especiales', [u'C\xf3digo CRUE', u'Descripci\xf3n'], [u'CRUE_03_13', u'Aplicaciones para la gesti\xf3n de las necesidades educativas espec\xedales'], u'Baja', None]
[u'55e98109', u'Gesti\xf3n Acad\xe9mica. Plan Docente', [u'C\xf3digo CRUE', u'Descripci\xf3n'], [u'CRUE_03_14', u'Aplicaciones para la gesti\xf3n de de la carga docente asociada a cada profesor.'], u'Baja', None]
[u'3390e310', u'Gesti\xf3n Acad\xe9mica. Secretar\xeda Virtual', [u'C\xf3digo CRUE', u'Descripci\xf3n'], [u'CRUE_03_15', u'Aplicaciones para la gesti\xf3n de los procedimeintos asocuados a expedientes acad\xe9micos de los alumnos'], u'Baja', None]
[u'fbe6fedb', u'Gesti\xf3n Acad\xe9mica. T\xe9sis', [u'C\xf3digo CRUE', u'Descripci\xf3n'], [u'CRUE_03_16', u'Aplicaciones para la gesti\xf3n de los procedimientos asociados a la consecuci\xf3n de una tesis doctoral.'], u'Baja', None]
[u'00fae1db', u'Gesti\xf3n Acad\xe9mica. Pr\xe1cticas de empresa', [u'C\xf3digo CRUE', u'Descripci\xf3n'], [u'CRUE_03_17', u'Aplicaciones para la gesti\xf3n de las pr\xe1cticas en empresas de estudiantes universitarios'], u'Baja', None]
[u'371a9fce', u'Gesti\xf3n de la Investigaci\xf3n', [u'C\xf3digo CRUE', u'Descripci\xf3n'], [u'CRUE_03_18', u'Aplicaciones para la gesti\xf3n de la Investigaci\xf3n.'], u'Baja', None]
[u'2d516ba9', u'Gesti\xf3n Econ\xf3mica', [u'C\xf3digo CRUE', u'Descripci\xf3n'], [u'CRUE_03_19', u'Aplicaciones para la gesti\xf3n econ\xf3mica de la Universidad.'], u'Baja', None]
[u'192ca219', u'Gesti\xf3n Econ\xf3mica. Contabilidad Anal\xedtica', [u'C\xf3digo CRUE', u'Descripci\xf3n'], [u'CRUE_03_20', u'Aplicaciones para la gesti\xf3n de los procesos asociados a la contabilidad anal\xedtica.'], u'Baja', None]
[u'a7be3512', u'Gesti\xf3n Econ\xf3mica. Contrataci\xf3n', [u'C\xf3digo CRUE', u'Descripci\xf3n'], [u'CRUE_03_21', u'Aplicaciones para la gesti\xf3n de los contratos que establece la Universidad con terceros.'], u'Baja', None]
[u'e52e8bd2', u'Gesti\xf3n Econ\xf3mica. Tesorer\xeda', [u'C\xf3digo CRUE', u'Descripci\xf3n'], [u'CRUE_03_22', u'Aplicaciones para la gesti\xf3n de la tesorer\xeda econ\xf3mica de la Universidad'], u'Baja', None]
[u'e1e20c28', u'Gesti\xf3n Econ\xf3mica. Gesti\xf3n de Fondos FEDER', [u'C\xf3digo CRUE', u'Descripci\xf3n'], [u'CRUE_03_23', u'Aplicaciones para la gesti\xf3n de los porcesos asociados a la gesti\xf3n econ\xf3mica de las ayudas de financiaci\xf3n europeas.'], u'Baja', None]
[u'e50de780', u'Gesti\xf3n Econ\xf3mica. Patrimonio e Inventario', [u'C\xf3digo CRUE', u'Descripci\xf3n'], [u'CRUE_03_24', u'Aplicaciones para la gesti\xf3n del patrimonio de bienes muebles e inmuebles de la Universidad e inventario de los mismos.'], u'Baja', None]
[u'6aa2a03f', u'Gesti\xf3n Econ\xf3mica. Ingresos', [u'C\xf3digo CRUE', u'Descripci\xf3n'], [u'CRUE_03_25', u'Aplicaciones para la gesti\xf3n de todos los ingresos, incluyendo las tasas universitarias.'], u'Baja', None]
[u'a983495f', u'Gesti\xf3n Econ\xf3mica. Presupuestos', [u'C\xf3digo CRUE', u'Descripci\xf3n'], [u'CRUE_03_26', u'Aplicaciones para la gesti\xf3n del presupeusto de la Universidad.'], u'Baja', None]
[u'150651d0', u'Gesti\xf3n RR.HH.', [u'C\xf3digo CRUE', u'Descripci\xf3n'], [u'CRUE_03_27', u'Aplicaciones para la gesti\xf3n de los procedimientos relacionados con los Recursos Humanos en la Universidad.'], u'Baja', None]
[u'bd3f676e', u'Gesti\xf3n RR.HH. Convocartorias de Acceso', [u'C\xf3digo CRUE', u'Descripci\xf3n'], [u'CRUE_03_28', u'Aplicaciones para la gesti\xf3n de las covocatorias de provisi\xf3n de puestos en la Unoiversidad'], u'Baja', None]
[u'56e79df0', u'Gesti\xf3n RR.HH. Dise\xf1o de plantilla', [u'C\xf3digo CRUE', u'Descripci\xf3n'], [u'CRUE_03_29', u'Aplicaciones para la gesti\xf3n y el dise\xf1o de la Relaci\xf3n de Puestos de Trabajo de la Universidad'], u'Baja', None]
[u'8a14ad70', u'Gesti\xf3n RR.HH. Control Horario', [u'C\xf3digo CRUE', u'Descripci\xf3n'], [u'CRUE_03_30', u'Aplicaciones para la gesti\xf3n de entradas y salidas del puesto del trabajo del personal universitario.'], u'Baja', None]
[u'cb7adbed', u'Gesti\xf3n RR.HH. Valoraci\xf3n del Desempe\xf1o', [u'C\xf3digo CRUE', u'Descripci\xf3n'], [u'CRUE_03_31', u'Aplicaciones para la gesti\xf3n de los procesos de valoraci\xf3n de resultados profesionales de los recursos humanos de la Universidad'], u'Baja', None]
[u'38637dcb', u'Gesti\xf3n RR.HH. Formaci\xf3n', [u'C\xf3digo CRUE', u'Descripci\xf3n'], [u'CRUE_03_32', u'Aplicaciones para la gesti\xf3n de los procesos de formaci\xf3n interna destinados a personal de la Universidad'], u'Baja', None]
[u'94cd4824', u'Gesti\xf3n RR.HH. Prevenci\xf3n', [u'C\xf3digo CRUE', u'Descripci\xf3n'], [u'CRUE_03_33', u'Aplicaciones para la gesti\xf3n de los procesos de prevenci\xf3n, incluyendo porcesos de revisi\xf3n m\xe9dica de los recursos humanos de la Universidad'], u'Baja', None]
[u'c6f0f007', u'Gesti\xf3n RR.HH. Retribuciones', [u'C\xf3digo CRUE', u'Descripci\xf3n'], [u'CRUE_03_34', u'Aplicaciones para la gesti\xf3n de las reribuciones a personal de la Universidad, incluyendo  comisi\xf3n de servicio y n\xf3minas'], u'Baja', None]
[u'a1a88947', u'Extensi\xf3n Universitaria', [u'C\xf3digo CRUE', u'Descripci\xf3n'], [u'CRUE_03_35', u'Aplicaciones para la gesti\xf3n de los procesos relacionados con la Extensi\xf3n Universitaria.'], u'Baja', None]
[u'f2b4cebe', u'Extensi\xf3n Universitaria. Actividades Deportivas', [u'C\xf3digo CRUE', u'Descripci\xf3n'], [u'CRUE_03_36', u'Aplicaciones para la gesti\xf3n de los procesos gestionado por el Servicio de Deportes.'], u'Baja', None]
[u'9046e7ee', u'Extensi\xf3n Universitaria. Bolsa de alojamiento', [u'C\xf3digo CRUE', u'Descripci\xf3n'], [u'CRUE_03_37', u'Aplicaciones para la gesti\xf3n de la oferta de alquiler de viviendas para estudiantes'], u'Baja', None]
[u'5152ccbc', u'Extensi\xf3n Universitaria. Ense\xf1anza no reglada', [u'C\xf3digo CRUE', u'Descripci\xf3n'], [u'CRUE_03_38', u'Aplicaciones para la gesti\xf3n de los procedimientos acad\xe9micos de las ense\xf1anzas no regladas, incluyendo cursos de verano.'], u'Baja', None]
[u'064cbd15', u'Extensi\xf3n Universitaria. Pr\xe9stamo de Bicicletas', [u'C\xf3digo CRUE', u'Descripci\xf3n'], [u'CRUE_03_39', u'Aplicaciones para la gesti\xf3n del pr\xe9stamo de bicicletas de la Universidad.'], u'Baja', None]
[u'a09b0c87', u'Secretar\xeda General.', [u'C\xf3digo CRUE', u'Descripci\xf3n'], [u'CRUE_03_40', u'Aplicaciones para la gesti\xf3n de los porcesos relacionados con laSecretar\xeda General'], u'Baja', None]
[u'0c4a0f5b', u'Secretar\xeda General. Archivo Universitario', [u'C\xf3digo CRUE', u'Descripci\xf3n'], [u'CRUE_03_41', u'Aplicaciones para la gesti\xf3n y mantenimiento del Archivo universitario en todo diferntes soportes como documentos, fichas, dvd, negativos y positivos fotogr\xe1ficos, cuadernos, pel\xedculas o impresos.'], u'Baja', None]
[u'28bf1f2c', u'Secretar\xeda General. Protocolo', [u'C\xf3digo CRUE', u'Descripci\xf3n'], [u'CRUE_03_42', u'Aplicaciones para la gesti\xf3n de los procesos de protocolo exigidos en los actos acad\xe9micos.'], u'Baja', None]
[u'742107a7', u'Secretar\xeda General. Registro', [u'C\xf3digo CRUE', u'Descripci\xf3n'], [u'CRUE_03_43', u'Aplicaciones para la gesti\xf3n del  Registro universitario, incluyendo procesos de entrada/salida, en modalidad presencial y telem\xe1tica'], u'Baja', None]
[u'cb1dc9d9', u'Secretar\xeda General. Gestor Documental', [u'C\xf3digo CRUE', u'Descripci\xf3n'], [u'CRUE_03_44', u'Aplicaciones para la gesti\xf3n documental institucional.'], u'Baja', None]
[u'5dcd8d31', u'Secretar\xeda General. Convenios', [u'C\xf3digo CRUE', u'Descripci\xf3n'], [u'CRUE_03_45', u'Aplicaciones para la gesti\xf3n de los convenios firmados por la universidad'], u'Baja', None]
[u'1ce09477', u'Secretar\xeda General. Normativa', [u'C\xf3digo CRUE', u'Descripci\xf3n'], [u'CRUE_03_46', u'Aplicaciones para la gesti\xf3n de la normativa universitaria.'], u'Baja', None]
[u'cd39c3a1', u'Secretar\xeda General. Elecciones Universitarias', [u'C\xf3digo CRUE', u'Descripci\xf3n'], [u'CRUE_03_47', u'Aplicaciones para la gesti\xf3n de procesos electorales universitarios.'], u'Baja', None]
[u'f7fc6ff5', u'Gesti\xf3n Infraestructuras.', [u'C\xf3digo CRUE', u'Descripci\xf3n'], [u'CRUE_03_48', u'Aplicaciones para la gesti\xf3n de las infraestructuras universitarias.'], u'Baja', None]
[u'29edcf9b', u'Gesti\xf3n Infraestructuras. Control de acceso', [u'C\xf3digo CRUE', u'Descripci\xf3n'], [u'CRUE_03_49', u'Aplicaciones para la gesti\xf3n de de las plataformas que controlan el acceso a los edificios y aparcamientos de la Universidad.'], u'Baja', None]
[u'11943485', u'Gesti\xf3n Infraestructuras. Gesti\xf3n de almac\xe9n', [u'C\xf3digo CRUE', u'Descripci\xf3n'], [u'CRUE_03_50', u'Aplicaciones para la gesti\xf3n de de almacenes universitarios, incluyendo gesti\xf3n de pedidos, entradas y salidas de material.'], u'Baja', None]
[u'13f338f1', u'Gesti\xf3n Infraestructuras. Prevenci\xf3n de Riesgos Laborales.', [u'C\xf3digo CRUE', u'Descripci\xf3n'], [u'CRUE_03_51', u'Aplicaciones para la gesti\xf3n de los proceos de evaluaci\xf3n de riesgos laborales en infraestructuras universitarias'], u'Baja', None]
[u'565c006a', u'Gesti\xf3n Infraestructuras. Gesti\xf3n de espacios', [u'C\xf3digo CRUE', u'Descripci\xf3n'], [u'CRUE_03_52', u'Aplicaciones para la gesti\xf3n de de los espacios universitarios, incluyendo procesos de reserva de los mismos.'], u'Baja', None]
[u'2d34ebf7', u'Biblioteca Universitaria', [u'C\xf3digo CRUE', u'Descripci\xf3n'], [u'CRUE_03_53', u'Aplicaciones para la gesti\xf3n de los procesos soportados por la Biblioteca universitaria.'], u'Baja', None]
[u'714a8c32', u'Biblioteca Universitaria. Repositorio institucional', [u'C\xf3digo CRUE', u'Descripci\xf3n'], [u'CRUE_03_54', u'Aplicaciones para la gesti\xf3n del repositorio digital institucional de la Universidad. universitaria.'], u'Baja', None]
[u'eda1046a', u'Comunicaci\xf3n. Carteler\xeda Digital', [u'C\xf3digo CRUE', u'Descripci\xf3n'], [u'CRUE_03_55', u'Aplicaciones para la gesti\xf3n de la carteler\xeda digital universitaria, incluyendo la televisi\xf3n universitaria.'], u'Baja', None]
[u'5b14e98d', u'Comunicaci\xf3n. Eventos', [u'C\xf3digo CRUE', u'Descripci\xf3n'], [u'CRUE_03_56', u'Aplicaciones para la gesti\xf3n de eventos, incluyendo congresos y otras actividades universitarias.'], u'Baja', None]
[u'1a34da1e', u'Comunicaci\xf3n. Prensa universitaira', [u'C\xf3digo CRUE', u'Descripci\xf3n'], [u'CRUE_03_57', u'Aplicaciones para la gesti\xf3n de los diferentes medios soporte de la prensa universitaria'], u'Baja', None]
[u'49f3b9af', u'Gesti\xf3n Calidad.', [u'C\xf3digo CRUE', u'Descripci\xf3n'], [u'CRUE_03_58', u'Aplicaciones para la gesti\xf3n de la calidad en la Universidad.'], u'Baja', None]
[u'3d185322', u'Gesti\xf3n Calidad. Encuestas', [u'C\xf3digo CRUE', u'Descripci\xf3n'], [u'CRUE_03_59', u'Aplicaciones para la gesti\xf3n de procesos de generaci\xf3n, difusi\xf3n y evaluaci\xf3n de encuestas destinadas a la comunidad universitaria'], u'Baja', None]
[u'a20c259a', u'Gesti\xf3n Calidad. Evaluaci\xf3n de la actividad docente del profesorado', [u'C\xf3digo CRUE', u'Descripci\xf3n'], [u'CRUE_03_60', u'Aplicaciones para la gesti\xf3n de la evaluacci\xf3n de la actividad docente del profesorado universitario.'], u'Baja', None]
[u'3e133f87', u'Gesti\xf3n Calidad. Herramienta para evaluaci\xf3n EFQM', [u'C\xf3digo CRUE', u'Descripci\xf3n'], [u'CRUE_03_61', u'Aplicaciones para la gesti\xf3n de la evaluaci\xf3n y autoevaluaci\xf3n de la calidad seg\xfan el modelo EFAM'], u'Baja', None]
[u'b2996c34', u'An\xe1lisis de datos', [u'C\xf3digo CRUE', u'Descripci\xf3n'], [u'CRUE_03_62', u'Aplicaciones para el an\xe1lisis de datos, e infomraci\xf3n insitucional, como el datawarehouse'], u'Baja', None]
[u'af4e6107', u'Atenci\xf3n al Usuario (CAU)', [u'C\xf3digo CRUE', u'Descripci\xf3n'], [u'CRUE_03_63', u'Aplicaciones para la gesti\xf3n de peticiones e incidencias relacionadas con los servicios unviersitarios'], u'Baja', None]
[u'192fa46a', u'Gesti\xf3n de Publicaciones', [u'C\xf3digo CRUE', u'Descripci\xf3n'], [u'CRUE_03_64', u'Aplicaciones para la gesti\xf3n de los procesos de publicaciones de la universidad'], u'Baja', None]
[u'3422297b', u'Correo electr\xf3nico. PDI y PAS', [u'C\xf3digo CRUE', u'Descripci\xf3n'], [u'CRUE_04_01', u'Dise\xf1o, administraci\xf3n y gesti\xf3n de las comunicaciones basadas en correo electr\xf3nico, destinado al PAS y PDI.'], u'Alta', None]
[u'3207f2d3', u'Correo electr\xf3nico. Estudiantes', [u'C\xf3digo CRUE', u'Descripci\xf3n'], [u'CRUE_04_02', u'Dise\xf1o, administraci\xf3n y gesti\xf3n de las comunicaciones basadas en correo electr\xf3nico, destinado a los estudiantes universitarios.'], u'Alta', None]
[u'bd69ea86', u'Correo electr\xf3nico. Preuniversitarios', [u'C\xf3digo CRUE', u'Descripci\xf3n'], [u'CRUE_04_03', u'Dise\xf1o, administraci\xf3n y gesti\xf3n de las comunicaciones basadas en correo electr\xf3nico, destinado a los estudiantes presuniversitarios del distrito correspondiente.'], u'Alta', None]
[u'e17bdc71', u'Correo electr\xf3nico. Egresados', [u'C\xf3digo CRUE', u'Descripci\xf3n'], [u'CRUE_04_04', u'Dise\xf1o, administraci\xf3n y gesti\xf3n de las comunicaciones basadas en correo electr\xf3nico, destinado a los estudiantes egresados.'], u'Alta', None]
[u'7478026e', u'Notificaciones. Listas de Distribuci\xf3n', [u'C\xf3digo CRUE', u'Descripci\xf3n'], [u'CRUE_04_05', u'Dise\xf1o, administraci\xf3n y gesti\xf3n de las comunicaciones basadas en listas de correo electr\xf3nico, en defernetes modalidades como moderada y no moderada'], u'Baja', None]
[u'cf9a6d80', u'Notificaciones. SMS', [u'C\xf3digo CRUE', u'Descripci\xf3n'], [u'CRUE_04_06', u'Dise\xf1o, administraci\xf3n y gesti\xf3n de las comunicaciones basadas en el uso de plataformas de env\xedo de mensajes cortos (SMS)'], u'Baja', None]
[u'1fa4b512', u'Notificaciones. Redes Sociales', [u'C\xf3digo CRUE', u'Descripci\xf3n'], [u'CRUE_04_07', u'Dise\xf1o, administraci\xf3n y gesti\xf3n de las comunicaciones basadas en redes sociales'], u'Baja', None]
[u'86df0ec6', u'Espacios web colaborativos', [u'C\xf3digo CRUE', u'Descripci\xf3n'], [u'CRUE_04_08', u'Dise\xf1o, administraci\xf3n y gesti\xf3n de las comunicaciones basadas en espacios web compartidos con capacidad de colaboraci\xf3n en documentos electr\xf3nicos'], u'Baja', None]
[u'5f194d42', u'Intercambio de ficheros. FTP', [u'C\xf3digo CRUE', u'Descripci\xf3n'], [u'CRUE_04_09', u'Dise\xf1o, administraci\xf3n y gesti\xf3n de las comunicaciones basadas en el intercambio de ficheros a trav\xe9s del protocolo de transferencia FTP'], u'Baja', None]
[u'e8a440b7', u'Intercambio de ficheros. Ficheros gran volumen', [u'C\xf3digo CRUE', u'Descripci\xf3n'], [u'CRUE_04_10', u'Dise\xf1o, administraci\xf3n y gesti\xf3n de las comunicaciones basadas en el intercambio de ficheros de gran volumen'], u'Baja', None]
[u'460b7b5a', u'Videoconferencia. Web', [u'C\xf3digo CRUE', u'Descripci\xf3n'], [u'CRUE_04_11', u'Dise\xf1o, administraci\xf3n y gesti\xf3n de las comunicaciones audiovisuales basadas en sistemas de videoconferencia web'], u'Baja', None]
[u'7728cd10', u'Videoconferencia. Sala', [u'C\xf3digo CRUE', u'Descripci\xf3n'], [u'CRUE_04_12', u'Dise\xf1o, administraci\xf3n y gesti\xf3n de las comunicaciones audiovisuales basadas en sistemas de basadas en el uso de equipos de videoconferencia de sala y equipamiento MCU.'], u'Baja', None]
[u'a35131f5', u'Videoconferencia. Inmersi\xf3n', [u'C\xf3digo CRUE', u'Descripci\xf3n'], [u'CRUE_04_13', u'Dise\xf1o, administraci\xf3n y gesti\xf3n de las comunicaciones audiovisuales basadas en sistemas de basadas en el uso de salas especialmente equipadas para integrar presencia y contenidos.'], u'Baja', None]
[u'55768270', u'Web institucional', [u'C\xf3digo CRUE', u'Descripci\xf3n'], [u'CRUE_05_01', u'Publicaci\xf3n de informaci\xf3n acad\xe9mica, de investigaci\xf3n y servicios universitarios en el sitio web institucional de la Universidad'], u'Alta', None]
[u'ef332f00', u'Sede electr\xf3nica', [u'C\xf3digo CRUE', u'Descripci\xf3n'], [u'CRUE_05_02', u'Publicaci\xf3n de informaci\xf3n en la Sede electr\xf3nica seg\xfan lo establecido en la Ley 11/2007, de 22 de junio, de acceso electr\xf3nico de los ciudadanos a los Servicios P\xfablicos'], u'Alta', None]
[u'bc0ae104', u'Intranet', [u'C\xf3digo CRUE', u'Descripci\xf3n'], [u'CRUE_05_03', u'Publicaci\xf3n de informaci\xf3n acad\xe9mica, de investigaci\xf3n y servicios universitarios en un sitio web de acceso restringido a la comunidad universitaria.'], u'Alta', None]
[u'a8ccaf38', u'Intranet. Portal del investigador', [u'C\xf3digo CRUE', u'Descripci\xf3n'], [u'CRUE_05_04', u'Publicaci\xf3n de recursos y servicios dirigidos a los investigadores sobre un sitio web de acceso restringido a este colectivo.'], u'Alta', None]
[u'69bab634', u'Intranet. Portal del empleado', [u'C\xf3digo CRUE', u'Descripci\xf3n'], [u'CRUE_05_05', u'Publicaci\xf3n de recursos y servicios dirigidos a los empleados de la universidad sobre un sitio web de acceso restringido a este colectivo.'], u'Alta', None]
[u'cfedd6c0', u'Intranet. Portal del estudiante o Secretaria Virtual', [u'C\xf3digo CRUE', u'Descripci\xf3n'], [u'CRUE_05_06', u'Publicaci\xf3n de recursos y servicios dirigidos a los estudiantes de la universidad sobre un sitio web de acceso restringido a este colectivo.'], u'Alta', None]
[u'9e378030', u'Contenidos Digitales. Material audiovisual', [u'C\xf3digo CRUE', u'Descripci\xf3n'], [u'CRUE_05_07', u'Soporte a la generaci\xf3n, almacenamiento y difusi\xf3n de material audiovisual'], u'Baja', None]
[u'c53d13cc', u'Contenidos Digitales. Material fotogr\xe1fico', [u'C\xf3digo CRUE', u'Descripci\xf3n'], [u'CRUE_05_08', u'Soporte a la generaci\xf3n, almacenamiento y difusi\xf3n de material fotogr\xe1fico'], u'Baja', None]
[u'9c459ba0', u'Contenidos Digitales. Contenidos Docentes', [u'C\xf3digo CRUE', u'Descripci\xf3n'], [u'CRUE_05_09', u'Soporte a la generaci\xf3n, almacenamiento y difusi\xf3n de contenidos docentes en formato digital'], u'Baja', None]
[u'2763b916', u'Contenidos Digitales. Contenidos Docentes de acceso abierto', [u'C\xf3digo CRUE', u'Descripci\xf3n'], [u'CRUE_05_10', u'Soporte a la generaci\xf3n, almacenamiento y difusi\xf3n de contenidos docentes de acceso abierto'], u'Baja', None]
[u'a2721fb2', u'Grabaci\xf3n y Difusi\xf3n de eventos', [u'C\xf3digo CRUE', u'Descripci\xf3n'], [u'CRUE_05_12', u'Grabaci\xf3n audiovisual de eventos, incluyendo la posibilidad de difusi\xf3n a trav\xe9s de internet'], u'Baja', None]
[u'fdb2ee02', u'Servicio de provisi\xf3n y renovaci\xf3n del puesto de trabajo', [u'C\xf3digo CRUE', u'Descripci\xf3n'], [u'CRUE_06_01', u'instalaci\xf3n y configuraci\xf3n del equipamiento inform\xe1tico (hardware y software) adecuado al puesto de trabajo.'], u'Baja', None]
[u'e68000e0', u'Mantenimiento de equipamiento inform\xe1tico corporativo.', [u'C\xf3digo CRUE', u'Descripci\xf3n'], [u'CRUE_06_02', u'Resoluci\xf3n y atenci\xf3n a los problemas e incidencias del puesto de trabajo'], u'Baja', None]
[u'371627b6', u'Mantenimiento de software corporativo.', [u'C\xf3digo CRUE', u'Descripci\xf3n'], [u'CRUE_06_03', u'Instalaci\xf3n, actualizaci\xf3n y configuraci\xf3n de software corporativo en el puesto de trabajo.'], u'Baja', None]
[u'cb74824d', u'Impresi\xf3n Corporativa', [u'C\xf3digo CRUE', u'Descripci\xf3n'], [u'CRUE_06_04', u'instalaci\xf3n y configuraci\xf3n de equipamiento para servicios de impresi\xf3n.'], u'Baja', None]
[u'473fbf71', u'Seguridad Integral en el Puesto de Trabajo', [u'C\xf3digo CRUE', u'Descripci\xf3n'], [u'CRUE_06_05', u'Configuraci\xf3n y adminsitraci\xf3n centralizada de la seguridad en los equipos de usuario, incluyeno la administraci\xf3n de software de protecci\xf3n como antivirus.'], u'Baja', None]
[u'5dd9e47d', u'Asesoramiento para adquisici\xf3n de equipamiento inform\xe1tico y software.', [u'C\xf3digo CRUE', u'Descripci\xf3n'], [u'CRUE_06_06', u'Asesoramiento t\xe9cnico para el equipamiento y software m\xe1s adecuado a las necesidades del usuario'], u'Baja', None]
[u'b718c683', u'Soporte a eventos especiales.', [u'C\xf3digo CRUE', u'Descripci\xf3n'], [u'CRUE_06_07', u'Soporte t\xe9cnico en la realizaci\xf3n de eventos (jornadas, congresos, presentaciones, formaci\xf3n on-line)'], u'Baja', None]
[u'e20b2541', u'Telefon\xeda fija', [u'C\xf3digo CRUE', u'Descripci\xf3n'], [u'CRUE_07_01', u'Dise\xf1o, administraci\xf3n y gesti\xf3n de las comunicaciones de voz basadas en el uso de terminales fijos.'], u'Baja', None]
[u'fbd6bf9f', u'Telefon\xeda M\xf3vil', [u'C\xf3digo CRUE', u'Descripci\xf3n'], [u'CRUE_07_02', u'Dise\xf1o, administraci\xf3n y gesti\xf3n de las comunicaciones de voz basadas en el uso de terminales m\xf3viles.'], u'Baja', None]
[u'214854be', u'Fax', [u'C\xf3digo CRUE', u'Descripci\xf3n'], [u'CRUE_07_03', u'Dise\xf1o, administraci\xf3n y gesti\xf3n de las comunicaciones de intercambio de fax.'], u'Baja', None]
[u'21ec8dcc', u'Consulta Tarificaci\xf3n Telef\xf3nica', [u'C\xf3digo CRUE', u'Descripci\xf3n'], [u'CRUE_07_04', u'Soporte a la aplicaci\xf3n que facilita el acceso a la informaci\xf3n de consumo telef\xf3nico personal.'], u'Baja', None]
[u'593b5598', u'Conexi\xf3n a red Cableada', [u'C\xf3digo CRUE', u'Descripci\xf3n'], [u'CRUE_07_05', u'Dise\xf1o, administraci\xf3n y gesti\xf3n de las comunicaciones soportadas sobre la red de cableado estructurado de la universidad'], u'Baja', None]
[u'2773d2a0', u'Conexi\xf3n a red Inal\xe1mbrica', [u'C\xf3digo CRUE', u'Descripci\xf3n'], [u'CRUE_07_06', u'Dise\xf1o, administraci\xf3n y gesti\xf3n de las comunicaciones soportadas sobre la red inal\xe1mbrica de la universidad'], u'Baja', None]
[u'a6e976d8', u'Conexi\xf3n Externo a Red de Comunicaciones', [u'C\xf3digo CRUE', u'Descripci\xf3n'], [u'CRUE_07_07', u'Dise\xf1o, administraci\xf3n y gesti\xf3n de las comunicaciones desde una red externa a la institucional utilizando mecanisos de cifrado'], u'Baja', None]
[u'4cc234be', u'Directorio', [u'C\xf3digo CRUE', u'Descripci\xf3n'], [u'CRUE_08_01', u'Dise\xf1o, administraci\xf3n y gesti\xf3n de la plataforma que almacena, organiza y publica informaci\xf3n de contacto sobre los usuarios de la Universidad.'], u'Baja', None]
[u'f1637298', u'Gesti\xf3n de credenciales', [u'C\xf3digo CRUE', u'Descripci\xf3n'], [u'CRUE_08_02', u'Dise\xf1o, administraci\xf3n y gesti\xf3n de la plataforma que almacena gestiona los datos y mecanismos de acceso a los servicios y aplicaciones de la Universidad'], u'Baja', None]
[u'05ff9664', u'Tarjeta Universitaria Inteligente', [u'C\xf3digo CRUE', u'Descripci\xf3n'], [u'CRUE_08_03', u'Facilita la obtenci\xf3n, gesti\xf3n y utilizaci\xf3n de la tarjeta universitaria para acceder y beneficiarse de diferentes servicios.'], u'Baja', None]
[u'85d09a01', u'Autenticaci\xf3n Centralizada', [u'C\xf3digo CRUE', u'Descripci\xf3n'], [u'CRUE_08_04', u'Dise\xf1o, administraci\xf3n y gesti\xf3n de la plataforma que facilita el acceso unificado a los distintos servicios y aplicaciones de la Universidad mediante las credenciales digitales de un usuario.'], u'Alta', None]
[u'127a2394', u'Gesti\xf3n de Certificados', [u'C\xf3digo CRUE', u'Descripci\xf3n'], [u'CRUE_08_05', u'Dise\xf1o, administraci\xf3n y gesti\xf3n de la infraestructura de clave p\xfablica (PKI) de la universidad  para la emisi\xf3n de certificados digitales a sus usuarios.'], u'Baja', None]
